id,status,rounds,overall_before,overall_after,final_text,I_before,I_after,delta_I,N_before,N_after,delta_N,V_before,V_after,delta_V,E_before,E_after,delta_E,S_before,S_after,delta_S,T_before,T_after,delta_T,delta_overall
US001,done,1,2,3,"As a site member, I want to create a semi-structured personal description on my profile page, so that others can easily learn about me.

**Acceptance Criteria:**
1. The profile page includes fields for name, interests, and a brief bio.
2. Users can edit their descriptions at any time.
3. The description is displayed clearly to other members.",2,3,1.0,2,3,1.0,2,3,1.0,2,3,1.0,3,3,0.0,2,3,1.0,1.0
US002,done,1,2,3,"As a site member, I want to complete an application for the Certified Scrum Practitioner designation, so I can earn this certification.

**Acceptance Criteria:**
1. The application form is accessible to all site members.
2. The form includes all necessary fields for certification.
3. Submission confirmation is provided upon completion.
4. Users can track the status of their application.",2,3,1.0,2,3,1.0,2,3,1.0,2,3,1.0,2,3,1.0,2,3,1.0,1.0
US003,done,1,2,3,"As a Practitioner, I want to add more details to my profile page to effectively showcase my experience.

**Acceptance Criteria:**
1. The profile page includes fields for professional experience, education, and certifications.
2. Users can edit and save their profile details.
3. Changes are reflected immediately on the profile page after saving.",2,3,1.0,2,3,1.0,2,3,1.0,3,3,0.0,2,3,1.0,2,3,1.0,1.0
US004,done,1,3,3,"As a site member, I want to submit an application to become a Certified Scrum Trainer, so that I can teach CSM and CSPO courses and certify others.

**Acceptance Criteria:**
1. The application form is accessible to all site members.
2. The form includes fields for personal information, qualifications, and teaching experience.
3. Upon submission, the applicant receives a confirmation email.
4. The application status can be tracked by the applicant.",3,3,0.0,3,3,0.0,3,3,0.0,3,3,0.0,3,3,0.0,3,3,0.0,0.0
US005,done,1,2,3,"As a Trainer, I want to enhance my profile page with additional personal details, so that potential clients can better understand my background and expertise.

**Acceptance Criteria:**
1. The profile page should allow the addition of a biography section.
2. Users can upload a profile picture.
3. The profile should include a list of certifications and qualifications.
4. There should be an option to display testimonials from previous clients.",2,3,1.0,2,3,1.0,2,3,1.0,2,3,1.0,3,3,0.0,2,3,1.0,1.0
